image_id,file_name,target_ann_id,target_class,occluder_ann_id,occluder_class,occlusion_ratio,role,perturbation_type,original_confidence,perturbed_confidence,confidence_change,bbox_iou,survived,original_match_iou
7,006090.png,68,car,67,van,0.481651376146789,target,mask,0.7505486607551575,,,,False,0.8937512108446963
7,006090.png,68,car,67,van,0.481651376146789,target,blur,0.7505486607551575,0.45589399337768555,0.2946546673774719,0.9191548668899658,True,0.8937512108446963
7,006090.png,68,car,67,van,0.481651376146789,occluder,mask,0.7505486607551575,0.736760139465332,0.01378852128982544,0.9305237074691192,True,0.8937512108446963
7,006090.png,68,car,67,van,0.481651376146789,occluder,blur,0.7505486607551575,0.7432044148445129,0.007344245910644531,0.9857988705451025,True,0.8937512108446963
7,006090.png,68,car,67,van,0.481651376146789,context,mask,0.7505486607551575,0.7129455208778381,0.037603139877319336,0.9400054287030015,True,0.8937512108446963
7,006090.png,68,car,67,van,0.481651376146789,context,blur,0.7505486607551575,0.7260740399360657,0.024474620819091797,0.9762736289775948,True,0.8937512108446963
14,000393.png,148,car,147,car,0.25704225352112675,target,mask,0.7648147940635681,0.7328827977180481,0.03193199634552002,0.8473032608767048,True,0.8350147223860355
14,000393.png,148,car,147,car,0.25704225352112675,target,blur,0.7648147940635681,0.7275353670120239,0.03727942705154419,0.8754390710973814,True,0.8350147223860355
14,000393.png,148,car,147,car,0.25704225352112675,occluder,mask,0.7648147940635681,0.8799333572387695,-0.11511856317520142,0.9531161039393409,True,0.8350147223860355
14,000393.png,148,car,147,car,0.25704225352112675,occluder,blur,0.7648147940635681,0.7254235744476318,0.03939121961593628,0.9749723740062979,True,0.8350147223860355
14,000393.png,148,car,147,car,0.25704225352112675,context,mask,0.7648147940635681,0.5824657678604126,0.18234902620315552,0.8368336391622029,True,0.8350147223860355
14,000393.png,148,car,147,car,0.25704225352112675,context,blur,0.7648147940635681,0.7169530391693115,0.04786175489425659,0.9609031294047433,True,0.8350147223860355
48,006721.png,533,car,532,van,0.28873239436619713,target,mask,0.2899012863636017,0.37192872166633606,-0.08202743530273438,0.7014119293122012,True,0.8528069826579168
48,006721.png,533,car,532,van,0.28873239436619713,target,blur,0.2899012863636017,0.6095852255821228,-0.3196839392185211,0.7266691557074274,True,0.8528069826579168
48,006721.png,533,car,532,van,0.28873239436619713,occluder,mask,0.2899012863636017,0.7216843962669373,-0.43178310990333557,0.7170027842322364,True,0.8528069826579168
48,006721.png,533,car,532,van,0.28873239436619713,occluder,blur,0.2899012863636017,0.7500147819519043,-0.4601134955883026,0.7164662521527895,True,0.8528069826579168
48,006721.png,533,car,532,van,0.28873239436619713,context,mask,0.2899012863636017,0.61695796251297,-0.3270566761493683,0.830336567782377,True,0.8528069826579168
48,006721.png,533,car,532,van,0.28873239436619713,context,blur,0.2899012863636017,0.6486806869506836,-0.3587794005870819,0.6873969093401467,True,0.8528069826579168
61,002976.png,743,car,741,car,0.391468868249054,target,mask,0.6857544779777527,0.452929824590683,0.2328246533870697,0.6423261221577627,True,0.7088235166464416
61,002976.png,743,car,741,car,0.391468868249054,target,blur,0.6857544779777527,0.7347917556762695,-0.049037277698516846,0.9113746741437656,True,0.7088235166464416
61,002976.png,743,car,741,car,0.391468868249054,occluder,mask,0.6857544779777527,0.6764383316040039,0.00931614637374878,0.9502289482947479,True,0.7088235166464416
61,002976.png,743,car,741,car,0.391468868249054,occluder,blur,0.6857544779777527,0.7042912244796753,-0.018536746501922607,0.9680537090344877,True,0.7088235166464416
61,002976.png,743,car,741,car,0.391468868249054,context,mask,0.6857544779777527,0.4323994517326355,0.2533550262451172,0.6760134426557666,True,0.7088235166464416
61,002976.png,743,car,741,car,0.391468868249054,context,blur,0.6857544779777527,0.5907865762710571,0.09496790170669556,0.8923537207562595,True,0.7088235166464416
75,002786.png,918,car,917,car,0.21198156682027647,target,mask,0.8256053924560547,,,,False,0.9431817040407429
75,002786.png,918,car,917,car,0.21198156682027647,target,blur,0.8256053924560547,0.7333412766456604,0.09226411581039429,0.8944057273930996,True,0.9431817040407429
75,002786.png,918,car,917,car,0.21198156682027647,occluder,mask,0.8256053924560547,0.8577366471290588,-0.03213125467300415,0.9661007354134193,True,0.9431817040407429
75,002786.png,918,car,917,car,0.21198156682027647,occluder,blur,0.8256053924560547,0.851028561592102,-0.025423169136047363,0.9822297951733701,True,0.9431817040407429
75,002786.png,918,car,917,car,0.21198156682027647,context,mask,0.8256053924560547,0.8691489100456238,-0.04354351758956909,0.9317894224525022,True,0.9431817040407429
75,002786.png,918,car,917,car,0.21198156682027647,context,blur,0.8256053924560547,0.849026620388031,-0.02342122793197632,0.9411469404505763,True,0.9431817040407429
122,005189.png,1470,car,1469,car,0.31840796019900497,target,mask,0.7114432454109192,0.6232514381408691,0.08819180727005005,0.8768115020653768,True,0.894906523288809
122,005189.png,1470,car,1469,car,0.31840796019900497,target,blur,0.7114432454109192,0.6708523631095886,0.040590882301330566,0.9279017246041219,True,0.894906523288809
122,005189.png,1470,car,1469,car,0.31840796019900497,occluder,mask,0.7114432454109192,0.7140080332756042,-0.0025647878646850586,0.8683346279435327,True,0.894906523288809
122,005189.png,1470,car,1469,car,0.31840796019900497,occluder,blur,0.7114432454109192,0.6803391575813293,0.031104087829589844,0.8981550801160145,True,0.894906523288809
122,005189.png,1470,car,1469,car,0.31840796019900497,context,mask,0.7114432454109192,0.5279846787452698,0.18345856666564941,0.8961023711660172,True,0.894906523288809
122,005189.png,1470,car,1469,car,0.31840796019900497,context,blur,0.7114432454109192,0.7304194569587708,-0.018976211547851562,0.946778805201337,True,0.894906523288809
149,005162.png,1873,car,1872,car,0.25373134328358204,target,mask,0.7679479718208313,0.5822591185569763,0.18568885326385498,0.98613213636929,True,0.8941817006486654
149,005162.png,1873,car,1872,car,0.25373134328358204,target,blur,0.7679479718208313,0.7600219249725342,0.00792604684829712,0.9504460561451512,True,0.8941817006486654
149,005162.png,1873,car,1872,car,0.25373134328358204,occluder,mask,0.7679479718208313,0.6631187200546265,0.10482925176620483,0.6444091277710083,True,0.8941817006486654
149,005162.png,1873,car,1872,car,0.25373134328358204,occluder,blur,0.7679479718208313,0.707888662815094,0.060059309005737305,0.9051129658539462,True,0.8941817006486654
149,005162.png,1873,car,1872,car,0.25373134328358204,context,mask,0.7679479718208313,0.5768399834632874,0.19110798835754395,0.5242145505064862,True,0.8941817006486654
149,005162.png,1873,car,1872,car,0.25373134328358204,context,blur,0.7679479718208313,0.7198492884635925,0.04809868335723877,0.9398279239848116,True,0.8941817006486654
